Nom,Mail
JEAN MARTIN,jean.martin@mail.com
MARIE BERNARD,marie.bernard@mail.com
PIERRE THOMAS,pierre.thomas@mail.com
MICHEL DURAND,michel.durand@mail.com
CLAUDE ROBERT,claude.robert@mail.com
ANDRE PETIT,andre.petit@mail.com
JACQUES RICHARD,jacques.richard@mail.com
LOUIS DUBOIS,louis.dubois@mail.com
ALAIN MOREAU,alain.moreau@mail.com
PHILIPPE GARCIA,philippe.garcia@mail.com
BERNARD MICHEL,bernard.michel@mail.com
FRANCOIS SIMON,francois.simon@mail.com
RENE LAURENT,rene.laurent@mail.com
PAUL ROUX,paul.roux@mail.com
DANIEL LEROY,daniel.leroy@mail.com
HENRI LEFEBVRE,henri.lefebvre@mail.com
CHRISTIAN DAVID,christian.david@mail.com
MARCEL MARTINEZ,marcel.martinez@mail.com
GEORGES BERTRAND,georges.bertrand@mail.com
JOSEPH GIRARD,joseph.girard@mail.com
GERARD BLANC,gerard.blanc@mail.com
ROBERT BONNET,robert.bonnet@mail.com
ROGER MOREL,roger.morel@mail.com
PATRICK FOURNIER,patrick.fournier@mail.com
DOMINIQUE LAMBERT,dominique.lambert@mail.com
MAURICE VINCENT,maurice.vincent@mail.com
YVES FAURE,yves.faure@mail.com
MARC ROUSSEAU,marc.rousseau@mail.com
GUY DUPONT,guy.dupont@mail.com
CHRISTOPHE FONTAINE,christophe.fontaine@mail.com
ERIC GUERIN,eric.guerin@mail.com
PASCAL BOYER,pascal.boyer@mail.com
FRANCOISE ANDRE,francoise.andre@mail.com
LAURENT GARNIER,laurent.garnier@mail.com
RAYMOND MERCIER,raymond.mercier@mail.com
CHARLES MULLER,charles.muller@mail.com
FREDERIC LEFEVRE,frederic.lefevre@mail.com
ANNE LOPEZ,anne.lopez@mail.com
THIERRY FRANCOIS,thierry.francois@mail.com
CATHERINE PERRIN,catherine.perrin@mail.com
NICOLAS GAUTHIER,nicolas.gauthier@mail.com
ISABELLE CHEVALIER,isabelle.chevalier@mail.com
OLIVIER CLEMENT,olivier.clement@mail.com
DAVID GAUTIER,david.gautier@mail.com
STEPHANE PEREZ,stephane.perez@mail.com
SERGE ROBIN,serge.robin@mail.com
JEANNE MATHIEU,jeanne.mathieu@mail.com
DIDIER MORIN,didier.morin@mail.com
ALBERT HENRY,albert.henry@mail.com
ANTOINE SANCHEZ,antoine.sanchez@mail.com
NATHALIE LEGRAND,nathalie.legrand@mail.com
MONIQUE NICOLAS,monique.nicolas@mail.com
LUCIEN BRUN,lucien.brun@mail.com
JULIEN VIDAL,julien.vidal@mail.com
SYLVIE ROUSSEL,sylvie.roussel@mail.com
CHRISTINE ARNAUD,christine.arnaud@mail.com
BRUNO DUVAL,bruno.duval@mail.com
SEBASTIEN GIRAUD,sebastien.giraud@mail.com
GILBERT NGUYEN,gilbert.nguyen@mail.com
JACQUELINE MASSON,jacqueline.masson@mail.com
MARTINE MARCHAND,martine.marchand@mail.com
GILLES FABRE,gilles.fabre@mail.com
FRANCIS DENIS,francis.denis@mail.com
DENIS BRUNET,denis.brunet@mail.com
HELENE MARIE,helene.marie@mail.com
NICOLE MEUNIER,nicole.meunier@mail.com
VINCENT NOEL,vincent.noel@mail.com
ALEXANDRE GAILLARD,alexandre.gaillard@mail.com
EMILE MEYER,emile.meyer@mail.com
SOPHIE ROCHE,sophie.roche@mail.com
THERESE RIVIERE,therese.riviere@mail.com
MICHELE DUMONT,michele.dumont@mail.com
VALERIE FERNANDEZ,valerie.fernandez@mail.com
MOHAMED DUFOUR,mohamed.dufour@mail.com
FRANCK BLANCHARD,franck.blanchard@mail.com
JEROME RENARD,jerome.renard@mail.com
VERONIQUE LUCAS,veronique.lucas@mail.com
JOEL BARBIER,joel.barbier@mail.com
ROLAND LEMAIRE,roland.lemaire@mail.com
JOSE GERARD,jose.gerard@mail.com
LUC JOLY,luc.joly@mail.com
CHANTAL DUMAS,chantal.dumas@mail.com
CHRISTIANE AUBERT,christiane.aubert@mail.com
PATRICIA ROY,patricia.roy@mail.com
PATRICE LACROIX,patrice.lacroix@mail.com
LOUISE PICARD,louise.picard@mail.com
HERVE DA SILVA,herve.da.silva@mail.com
MADELEINE ROGER,madeleine.roger@mail.com
ANDREE JEAN,andree.jean@mail.com
BRIGITTE LEROUX,brigitte.leroux@mail.com
STEPHANIE COLIN,stephanie.colin@mail.com
SANDRINE REY,sandrine.rey@mail.com
EMMANUEL ROLLAND,emmanuel.rolland@mail.com
ANNIE RENAUD,annie.renaud@mail.com
SIMONE RODRIGUEZ,simone.rodriguez@mail.com
GUILLAUME OLIVIER,guillaume.olivier@mail.com
LAURENCE PIERRE,laurence.pierre@mail.com
CELINE COHEN,celine.cohen@mail.com
DENISE LEMOINE,denise.lemoine@mail.com
GABRIEL BENOIT,gabriel.benoit@mail.com
FERNAND SCHMITT,fernand.schmitt@mail.com
RENEE BOURGEOIS,renee.bourgeois@mail.com
CLAIRE DUPUY,claire.dupuy@mail.com
CAMILLE BERGER,camille.berger@mail.com
SUZANNE CARON,suzanne.caron@mail.com
LEON PHILIPPE,leon.philippe@mail.com
ELISABETH LECLERC,elisabeth.leclerc@mail.com
CECILE MARTY,cecile.marty@mail.com
THOMAS GUILLAUME,thomas.guillaume@mail.com
SYLVAIN HUBERT,sylvain.hubert@mail.com
EUGENE GUILLOT,eugene.guillot@mail.com
XAVIER LOUIS,xavier.louis@mail.com
GENEVIEVE MOULIN,genevieve.moulin@mail.com
FABRICE LECOMTE,fabrice.lecomte@mail.com
MARIA GONZALEZ,maria.gonzalez@mail.com
DANIELLE PAYET,danielle.payet@mail.com
CAROLINE LEVY,caroline.levy@mail.com
CORINNE ADAM,corinne.adam@mail.com
FLORENCE DESCHAMPS,florence.deschamps@mail.com
YVETTE HUET,yvette.huet@mail.com
COLETTE JACQUET,colette.jacquet@mail.com
VIRGINIE CHARLES,virginie.charles@mail.com
RICHARD PARIS,richard.paris@mail.com
MARCELLE BARON,marcelle.baron@mail.com
YVONNE DUPUIS,yvonne.dupuis@mail.com
BENOIT GUYOT,benoit.guyot@mail.com
VICTOR JULIEN,victor.julien@mail.com
JULIE FLEURY,julie.fleury@mail.com
MANUEL POIRIER,manuel.poirier@mail.com
CEDRIC LECLERCQ,cedric.leclercq@mail.com
PAULETTE ROYER,paulette.royer@mail.com
CLAUDINE PEREIRA,claudine.pereira@mail.com
JOSETTE CARRE,josette.carre@mail.com
BERNADETTE CARPENTIER,bernadette.carpentier@mail.com
NOEL BAILLY,noel.bailly@mail.com
MARGUERITE GOMEZ,marguerite.gomez@mail.com
ARNAUD BERTIN,arnaud.bertin@mail.com
PASCALE BOUVIER,pascale.bouvier@mail.com
EMILIE RENAULT,emilie.renault@mail.com
BEATRICE CHARPENTIER,beatrice.charpentier@mail.com
GASTON MENARD,gaston.menard@mail.com
AURELIE PONS,aurelie.pons@mail.com
HUBERT BESSON,hubert.besson@mail.com
ROMAIN BOUCHER,romain.boucher@mail.com
ETIENNE KLEIN,etienne.klein@mail.com
JACKY MILLET,jacky.millet@mail.com
LIONEL FERREIRA,lionel.ferreira@mail.com
AGNES AUBRY,agnes.aubry@mail.com
ANNICK PERRIER,annick.perrier@mail.com
LUDOVIC MAILLARD,ludovic.maillard@mail.com
MAXIME GERMAIN,maxime.germain@mail.com
ODETTE COLLET,odette.collet@mail.com
ANTHONY LEGER,anthony.leger@mail.com
AUGUSTE HERVE,auguste.herve@mail.com
EVELYNE SCHNEIDER,evelyne.schneider@mail.com
CHRISTELLE DANIEL,christelle.daniel@mail.com
MATHIEU LE GALL,mathieu.le.gall@mail.com
EDOUARD REYNAUD,edouard.reynaud@mail.com
MICKAEL DOS SANTOS,mickael.dos.santos@mail.com
MIREILLE MALLET,mireille.mallet@mail.com
ALICE PELLETIER,alice.pelletier@mail.com
GISELE PERROT,gisele.perrot@mail.com
MICHELLE HERNANDEZ,michelle.hernandez@mail.com
JULES BRETON,jules.breton@mail.com
NADINE LANGLOIS,nadine.langlois@mail.com
ADRIEN VASSEUR,adrien.vasseur@mail.com
YANNICK BARRE,yannick.barre@mail.com
DELPHINE MICHAUD,delphine.michaud@mail.com
BENJAMIN PREVOST,benjamin.prevost@mail.com
RAYMONDE REMY,raymonde.remy@mail.com
LUCIE LEVEQUE,lucie.leveque@mail.com
JEANNINE GUICHARD,jeannine.guichard@mail.com
FABIEN RODRIGUES,fabien.rodrigues@mail.com
KARINE BOUCHET,karine.bouchet@mail.com
CAROLE CHEVALLIER,carole.chevallier@mail.com
ODILE BOUSQUET,odile.bousquet@mail.com
REGIS CHAUVIN,regis.chauvin@mail.com
LAETITIA JACOB,laetitia.jacob@mail.com
CLEMENT GROS,clement.gros@mail.com
JOSIANE RUIZ,josiane.ruiz@mail.com
ELODIE ETIENNE,elodie.etienne@mail.com
JOELLE MONNIER,joelle.monnier@mail.com
BERTRAND WEBER,bertrand.weber@mail.com
ARMAND PERRET,armand.perret@mail.com
DAMIEN GILLET,damien.gillet@mail.com
LAURE MARCHAL,laure.marchal@mail.com
FABIENNE COUSIN,fabienne.cousin@mail.com
SIMON LEBLANC,simon.leblanc@mail.com
AUDREY COLLIN,audrey.collin@mail.com
LUCIENNE TESSIER,lucienne.tessier@mail.com
ELIANE LEBRUN,eliane.lebrun@mail.com
MICHAEL ROSSI,michael.rossi@mail.com
CHARLOTTE LAPORTE,charlotte.laporte@mail.com
REMY LE ROUX,remy.le.roux@mail.com
ANTONIO GAY,antonio.gay@mail.com
ALFRED LE GOFF,alfred.le.goff@mail.com
DANIELE DELMAS,daniele.delmas@mail.com
GERMAINE BARTHELEMY,germaine.barthelemy@mail.com
MARIUS PASCAL,marius.pascal@mail.com
EMMANUELLE FERNANDES,emmanuelle.fernandes@mail.com
GINETTE HAMON,ginette.hamon@mail.com
LILIANE BOULANGER,liliane.boulanger@mail.com
GEORGETTE POULAIN,georgette.poulain@mail.com
KEVIN RAYNAUD,kevin.raynaud@mail.com
RAPHAEL ALEXANDRE,raphael.alexandre@mail.com
ALINE COSTE,aline.coste@mail.com
JOCELYNE VERDIER,jocelyne.verdier@mail.com
CYRIL GILBERT,cyril.gilbert@mail.com
JEREMY GONCALVES,jeremy.goncalves@mail.com
EDMOND BUISSON,edmond.buisson@mail.com
HENRIETTE LAMY,henriette.lamy@mail.com
GREGORY ANTOINE,gregory.antoine@mail.com
JEANINE MARECHAL,jeanine.marechal@mail.com
JONATHAN ALBERT,jonathan.albert@mail.com
SANDRA BENARD,sandra.benard@mail.com
LOIC MAURY,loic.maury@mail.com
MARYSE PASQUIER,maryse.pasquier@mail.com
YVON LEMAITRE,yvon.lemaitre@mail.com
PIERRETTE MARIN,pierrette.marin@mail.com
WILLIAM PICHON,william.pichon@mail.com
ALEXIS CORDIER,alexis.cordier@mail.com
REMI RAYMOND,remi.raymond@mail.com
ALI LACOMBE,ali.lacombe@mail.com
AHMED DELAUNAY,ahmed.delaunay@mail.com
ROSE HUMBERT,rose.humbert@mail.com
ELIE BESNARD,elie.besnard@mail.com
YANN PAUL,yann.paul@mail.com
PAULE TRAN,paule.tran@mail.com
MARION HOARAU,marion.hoarau@mail.com
ALEXANDRA IMBERT,alexandra.imbert@mail.com
JULIETTE COULON,juliette.coulon@mail.com
MYRIAM JOUBERT,myriam.joubert@mail.com
BAPTISTE NAVARRO,baptiste.navarro@mail.com
FRANCINE OLLIVIER,francine.ollivier@mail.com
PAULINE LEJEUNE,pauline.lejeune@mail.com
FRANCE BARBE,france.barbe@mail.com
MICHELINE BLANCHET,micheline.blanchet@mail.com
MELANIE MASSE,melanie.masse@mail.com
ERNEST LEGROS,ernest.legros@mail.com
FELIX DELORME,felix.delorme@mail.com
MURIEL VOISIN,muriel.voisin@mail.com
SOLANGE FERRAND,solange.ferrand@mail.com
SEVERINE GEORGES,severine.georges@mail.com
SARAH JOURDAN,sarah.jourdan@mail.com
AIME PAGES,aime.pages@mail.com
MAX JACQUES,max.jacques@mail.com
FLORENT DIDIER,florent.didier@mail.com
HUGUETTE CHAUVET,huguette.chauvet@mail.com
ELISE BRIAND,elise.briand@mail.com
SAMUEL SEGUIN,samuel.seguin@mail.com
MARTHE MARTEL,marthe.martel@mail.com
FREDERIQUE GRONDIN,frederique.grondin@mail.com
FLORIAN GUILLON,florian.guillon@mail.com
ARLETTE GREGOIRE,arlette.gregoire@mail.com
MAGALI GIMENEZ,magali.gimenez@mail.com
GERMAIN CAMUS,germain.camus@mail.com
SABINE HEBERT,sabine.hebert@mail.com
ANTOINETTE LESAGE,antoinette.lesage@mail.com
GABRIELLE GAUDIN,gabrielle.gaudin@mail.com
IRENE CHARRIER,irene.charrier@mail.com
JANINE BRUNEL,janine.brunel@mail.com
SONIA VALLEE,sonia.vallee@mail.com
LAURA GUILLOU,laura.guillou@mail.com
VANESSA VALENTIN,vanessa.valentin@mail.com
MATHILDE JOSEPH,mathilde.joseph@mail.com
GHISLAINE LACOSTE,ghislaine.lacoste@mail.com
SABRINA HARDY,sabrina.hardy@mail.com
REGINE MARTINS,regine.martins@mail.com
NELLY PINEAU,nelly.pineau@mail.com
ALPHONSE LELIEVRE,alphonse.lelievre@mail.com
NADIA LAUNAY,nadia.launay@mail.com
ANGELIQUE LOMBARD,angelique.lombard@mail.com
ANNA LEDUC,anna.leduc@mail.com
MARINE LAGARDE,marine.lagarde@mail.com
MATTHIEU BIGOT,matthieu.bigot@mail.com
AURELIEN LEBRETON,aurelien.lebreton@mail.com
NOELLE BODIN,noelle.bodin@mail.com
EDITH CARLIER,edith.carlier@mail.com
AMELIE THIBAULT,amelie.thibault@mail.com
FANNY ALLARD,fanny.allard@mail.com
ARTHUR CLERC,arthur.clerc@mail.com
HUGUES COURTOIS,hugues.courtois@mail.com
LYDIE MARION,lydie.marion@mail.com
LUCETTE GUILLET,lucette.guillet@mail.com
GERALDINE COLAS,geraldine.colas@mail.com
MOHAMMED MAHE,mohammed.mahe@mail.com
AMANDINE MAILLOT,amandine.maillot@mail.com
MARTIN MARY,martin.mary@mail.com
KARIM BERTHELOT,karim.berthelot@mail.com
MARTIAL DEVAUX,martial.devaux@mail.com
ESTELLE COSTA,estelle.costa@mail.com
RAOUL FAVRE,raoul.favre@mail.com
JOSEPHINE REGNIER,josephine.regnier@mail.com
AURORE SERRE,aurore.serre@mail.com
SAID DIALLO,said.diallo@mail.com
FERNANDE BONNEAU,fernande.bonneau@mail.com
VIVIANE GILLES,viviane.gilles@mail.com
GAELLE COUTURIER,gaelle.couturier@mail.com
NORBERT LENOIR,norbert.lenoir@mail.com
GERALD BRUNEAU,gerald.bruneau@mail.com
ANGELE CROS,angele.cros@mail.com
CYRILLE SAUVAGE,cyrille.sauvage@mail.com
MARIO VALETTE,mario.valette@mail.com
MAURICETTE MORVAN,mauricette.morvan@mail.com
JAMES LAINE,james.laine@mail.com
GUSTAVE VIAL,gustave.vial@mail.com
JENNIFER DA COSTA,jennifer.da.costa@mail.com
YOLANDE MERLE,yolande.merle@mail.com
HENRY WEISS,henry.weiss@mail.com
ANAIS LAFON,anais.lafon@mail.com
ANGE GUIBERT,ange.guibert@mail.com
JESSICA LEGENDRE,jessica.legendre@mail.com
LEA BLONDEL,lea.blondel@mail.com
TONY TANGUY,tony.tanguy@mail.com
GILBERTE GODARD,gilberte.godard@mail.com
RACHID ROUSSET,rachid.rousset@mail.com
YVAN LEBON,yvan.lebon@mail.com
SYLVIANE MAURIN,sylviane.maurin@mail.com
CARLOS RIOU,carlos.riou@mail.com
JOHN TEXIER,john.texier@mail.com
GAETAN BOUTIN,gaetan.boutin@mail.com
RACHEL MORENO,rachel.moreno@mail.com
CARINE LABORDE,carine.laborde@mail.com
BENEDICTE MAURICE,benedicte.maurice@mail.com
DESIRE ROCHER,desire.rocher@mail.com
VALENTIN DELATTRE,valentin.delattre@mail.com
NADEGE LAROCHE,nadege.laroche@mail.com
MARIANNE DUPRE,marianne.dupre@mail.com
CLAUDETTE ANDRIEU,claudette.andrieu@mail.com
QUENTIN CHARTIER,quentin.chartier@mail.com
EUGENIE DIAZ,eugenie.diaz@mail.com
ADELINE MAUREL,adeline.maurel@mail.com
ABDELKADER GRENIER,abdelkader.grenier@mail.com
BERTHE ALLAIN,berthe.allain@mail.com
CINDY BLIN,cindy.blin@mail.com
BARBARA MAILLET,barbara.maillet@mail.com
BEN LOISEAU,ben.loiseau@mail.com
FATIMA SABATIER,fatima.sabatier@mail.com
ROLANDE LEFORT,rolande.lefort@mail.com
JUSTINE LEMONNIER,justine.lemonnier@mail.com
MAUD BAUDRY,maud.baudry@mail.com
CHLOE BOURDON,chloe.bourdon@mail.com
RODOLPHE WAGNER,rodolphe.wagner@mail.com
ABEL CHAUVEAU,abel.chauveau@mail.com
MEHDI GUILBERT,mehdi.guilbert@mail.com
RENAUD TOUSSAINT,renaud.toussaint@mail.com
AUDE DELAGE,aude.delage@mail.com
AUGUSTIN VALLET,augustin.vallet@mail.com
CLEMENCE MARQUES,clemence.marques@mail.com
MURIELLE BONNIN,murielle.bonnin@mail.com
MARYVONNE VAILLANT,maryvonne.vaillant@mail.com
CARMEN LOPES,carmen.lopes@mail.com
MUSTAPHA FISCHER,mustapha.fischer@mail.com
MARINA ROSSIGNOL,marina.rossignol@mail.com
JULIA BAZIN,julia.bazin@mail.com
MARYLINE PELTIER,maryline.peltier@mail.com
CHRISTOPHER LABBE,christopher.labbe@mail.com
YOANN PARENT,yoann.parent@mail.com
JIMMY AUGER,jimmy.auger@mail.com
MORGANE GUYON,morgane.guyon@mail.com
MARLENE JACQUOT,marlene.jacquot@mail.com
ANNETTE PUJOL,annette.pujol@mail.com
ALEX POTTIER,alex.pottier@mail.com
CORALIE GRAS,coralie.gras@mail.com
FARID RICARD,farid.ricard@mail.com
DANY EVRARD,dany.evrard@mail.com
REINE CHAPUIS,reine.chapuis@mail.com
INGRID FAIVRE,ingrid.faivre@mail.com
JEREMIE HOAREAU,jeremie.hoareau@mail.com
THIBAULT TORRES,thibault.torres@mail.com
GAEL TURPIN,gael.turpin@mail.com
SAMIR SALMON,samir.salmon@mail.com
BRAHIM LECONTE,brahim.leconte@mail.com
MANON CHAMBON,manon.chambon@mail.com
KATIA NORMAND,katia.normand@mail.com
FERNANDO MARTINEAU,fernando.martineau@mail.com
EDDY FOUCHER,eddy.foucher@mail.com
BRICE BOUVET,brice.bouvet@mail.com
ARMELLE DELAHAYE,armelle.delahaye@mail.com
GHISLAIN BERTHIER,ghislain.berthier@mail.com
LUIS ROQUES,luis.roques@mail.com
HUGO GOMES,hugo.gomes@mail.com
BLANCHE MARTINET,blanche.martinet@mail.com
NATACHA MAS,natacha.mas@mail.com
CLAUDIE PONCET,claudie.poncet@mail.com
DIMITRI CHARBONNIER,dimitri.charbonnier@mail.com
KAMEL BAUER,kamel.bauer@mail.com
LYDIA BECKER,lydia.becker@mail.com
EVA BLOT,eva.blot@mail.com
GREGOIRE COMBES,gregoire.combes@mail.com
WILLY DUHAMEL,willy.duhamel@mail.com
EMMA GUY,emma.guy@mail.com
AIMEE CASTEL,aimee.castel@mail.com
ANDREA DUCLOS,andrea.duclos@mail.com
JACKIE DESCAMPS,jackie.descamps@mail.com
MIGUEL BONHOMME,miguel.bonhomme@mail.com
ROSELYNE BESSE,roselyne.besse@mail.com
EMILIENNE NEVEU,emilienne.neveu@mail.com
FRANCISCO GRAND,francisco.grand@mail.com
ANITA PRAT,anita.prat@mail.com
LINDA RIGAUD,linda.rigaud@mail.com
CONSTANT HAMEL,constant.hamel@mail.com
JOHAN PETITJEAN,johan.petitjean@mail.com
DE FAVIER,de.favier@mail.com
JACK FERRE,jack.ferre@mail.com
LUDIVINE BERNIER,ludivine.bernier@mail.com
OLIVIA GIRAULT,olivia.girault@mail.com
STEVE PERON,steve.peron@mail.com
BLANDINE COMTE,blandine.comte@mail.com
JOAQUIM FOUQUET,joaquim.fouquet@mail.com
MOISE CHRETIEN,moise.chretien@mail.com
MARJORIE STEPHAN,marjorie.stephan@mail.com
LISE POTIER,lise.potier@mail.com
NOEMIE GRANGE,noemie.grange@mail.com
PETER LECOQ,peter.lecoq@mail.com
EDWIGE RIBEIRO,edwige.ribeiro@mail.com
DEBORAH HOFFMANN,deborah.hoffmann@mail.com
LUCILE MACE,lucile.mace@mail.com
OLGA MOUNIER,olga.mounier@mail.com
CHRISTEL ALVES,christel.alves@mail.com
CATHY GERVAIS,cathy.gervais@mail.com
ADOLPHE CORNU,adolphe.cornu@mail.com
OMAR SAMSON,omar.samson@mail.com
FREDDY BEGUE,freddy.begue@mail.com
JOAO BILLARD,joao.billard@mail.com
SYLVIA GALLET,sylvia.gallet@mail.com
STANISLAS LAVAL,stanislas.laval@mail.com
DOROTHEE MICHELET,dorothee.michelet@mail.com
ELSA MORAND,elsa.morand@mail.com
BORIS MUNOZ,boris.munoz@mail.com
LUCAS DUBREUIL,lucas.dubreuil@mail.com
ROMUALD GRANIER,romuald.granier@mail.com
BASTIEN GEOFFROY,bastien.geoffroy@mail.com
FERDINAND GIBERT,ferdinand.gibert@mail.com
GEOFFREY LE CORRE,geoffrey.le.corre@mail.com
JOSEPHE THIERRY,josephe.thierry@mail.com
MOURAD BENOIST,mourad.benoist@mail.com
EL CONSTANT,el.constant@mail.com
JEANNETTE DELANNOY,jeannette.delannoy@mail.com
YOUSSEF BOULAY,youssef.boulay@mail.com
MELISSA MAIRE,melissa.maire@mail.com
MAGALIE RAULT,magalie.rault@mail.com
ANTONIN BOULET,antonin.boulet@mail.com
LEO PREVOT,leo.prevot@mail.com
ALBAN MARQUET,alban.marquet@mail.com
STEPHAN JOURDAIN,stephan.jourdain@mail.com
ADRIENNE PINTO,adrienne.pinto@mail.com
AXEL POMMIER,axel.pommier@mail.com
JUSTIN LASSERRE,justin.lasserre@mail.com
LOUISETTE MARC,louisette.marc@mail.com
ANGELO DOUCET,angelo.doucet@mail.com
STEVEN LEONARD,steven.leonard@mail.com
HASSAN LEON,hassan.leon@mail.com
CLEMENTINE TOURNIER,clementine.tournier@mail.com
MATHIAS LEPAGE,mathias.lepage@mail.com
JOHANNA BRAULT,johanna.brault@mail.com
ARSENE HADDAD,arsene.haddad@mail.com
JORDAN PRUVOST,jordan.pruvost@mail.com
RUDY CARTIER,rudy.cartier@mail.com
SALAH FORESTIER,salah.forestier@mail.com
JANE GRANGER,jane.granger@mail.com
JOCELYN HUGUET,jocelyn.huguet@mail.com
AMAR BAYLE,amar.bayle@mail.com
ALIX PARMENTIER,alix.parmentier@mail.com
THIBAUT FORTIN,thibaut.fortin@mail.com
THI COUDERC,thi.couderc@mail.com
MALIKA GUILLEMIN,malika.guillemin@mail.com
ESTHER LALANNE,esther.lalanne@mail.com
LEONE BELLANGER,leone.bellanger@mail.com
EMILIEN BERARD,emilien.berard@mail.com
NABIL MOUTON,nabil.mouton@mail.com
CLAUDIA SOULIER,claudia.soulier@mail.com
LEOPOLD GOSSELIN,leopold.gosselin@mail.com
MARY BROSSARD,mary.brossard@mail.com
MYLENE FERRARI,mylene.ferrari@mail.com
AGATHE SCHMIDT,agathe.schmidt@mail.com
DIANE BLONDEAU,diane.blondeau@mail.com
CLOTILDE LAVIGNE,clotilde.lavigne@mail.com
TEDDY BOUQUET,teddy.bouquet@mail.com
MORGAN JULLIEN,morgan.jullien@mail.com
JOSEE BOUCHARD,josee.bouchard@mail.com
ROBERTE LAFONT,roberte.lafont@mail.com
JUAN FELIX,juan.felix@mail.com
GIOVANNI CHATELAIN,giovanni.chatelain@mail.com
MIKAEL ABADIE,mikael.abadie@mail.com
JORGE GUEGUEN,jorge.gueguen@mail.com
ROBIN LAVERGNE,robin.lavergne@mail.com
VICTORIA JOUVE,victoria.jouve@mail.com
ERWAN LETELLIER,erwan.letellier@mail.com
JOHANN DUPIN,johann.dupin@mail.com
ELIZABETH POISSON,elizabeth.poisson@mail.com
PIERRICK MILLOT,pierrick.millot@mail.com
JOACHIM BASSET,joachim.basset@mail.com
LINE RIGAL,line.rigal@mail.com
YOHANN ARMAND,yohann.armand@mail.com
JOHNNY ROSE,johnny.rose@mail.com
CHARLENE JAMET,charlene.jamet@mail.com
JULIENNE PRIGENT,julienne.prigent@mail.com
MARCEAU BERTHET,marceau.berthet@mail.com
PEGGY GRANDJEAN,peggy.grandjean@mail.com
CLARA VERNET,clara.vernet@mail.com
AUGUSTINE BORDES,augustine.bordes@mail.com
ALEXIA LE ROY,alexia.le.roy@mail.com
MARIELLE MAYER,marielle.mayer@mail.com
FRANK HUSSON,frank.husson@mail.com
CORINE TERRIER,corine.terrier@mail.com
LEONIE CAMARA,leonie.camara@mail.com
ROSA PICOT,rosa.picot@mail.com
VALENTINE FERRER,valentine.ferrer@mail.com
ALBERTO LACOUR,alberto.lacour@mail.com
LISA CHAMPION,lisa.champion@mail.com
HAMID DUMOULIN,hamid.dumoulin@mail.com
GWENAELLE LAGRANGE,gwenaelle.lagrange@mail.com
MARYLENE CLAUDE,marylene.claude@mail.com
KAREN BARREAU,karen.barreau@mail.com
ANTONY BUREAU,antony.bureau@mail.com
MEHMET BARRET,mehmet.barret@mail.com
LAURIE CARRERE,laurie.carrere@mail.com
LEONARD CHABERT,leonard.chabert@mail.com
CELIA LALLEMAND,celia.lallemand@mail.com
CESAR FORT,cesar.fort@mail.com
LEILA JOLLY,leila.jolly@mail.com
THEODORE LEBLOND,theodore.leblond@mail.com
ELISA LEVASSEUR,elisa.levasseur@mail.com
ADELE MERLIN,adele.merlin@mail.com
IBRAHIM SALLES,ibrahim.salles@mail.com
TRISTAN DROUET,tristan.drouet@mail.com
RABAH GUILLARD,rabah.guillard@mail.com
EMELINE LEDOUX,emeline.ledoux@mail.com
CHARLINE RAYNAL,charline.raynal@mail.com
SALVATORE BATAILLE,salvatore.bataille@mail.com
SAUVEUR DE OLIVEIRA,sauveur.de.oliveira@mail.com
ASTRID JEANNE,astrid.jeanne@mail.com
HOCINE BRUNO,hocine.bruno@mail.com
ABDALLAH PRIEUR,abdallah.prieur@mail.com
MOUSSA JUNG,moussa.jung@mail.com
OPHELIE KELLER,ophelie.keller@mail.com
MOHAND LELEU,mohand.leleu@mail.com
MARINETTE DIJOUX,marinette.dijoux@mail.com
AMEDEE MIGNOT,amedee.mignot@mail.com
ROSELINE VACHER,roseline.vacher@mail.com
EVE BAUD,eve.baud@mail.com
SYLVETTE DE SOUSA,sylvette.de.sousa@mail.com
DJAMEL BOCQUET,djamel.bocquet@mail.com
IVAN GUIRAUD,ivan.guiraud@mail.com
WALTER SICARD,walter.sicard@mail.com
INES COMBE,ines.combe@mail.com
PAULO SOLER,paulo.soler@mail.com
CELESTIN LABAT,celestin.labat@mail.com
THEOPHILE SAUNIER,theophile.saunier@mail.com
ACHILLE WALTER,achille.walter@mail.com
CORENTIN BOREL,corentin.borel@mail.com
THEO FERRY,theo.ferry@mail.com
MAMADOU VILLARD,mamadou.villard@mail.com
CYNTHIA PROST,cynthia.prost@mail.com
CECILIA BON,cecilia.bon@mail.com
YOHAN MONTAGNE,yohan.montagne@mail.com
AURELIA ANDRIEUX,aurelia.andrieux@mail.com
VIOLETTE PAPIN,violette.papin@mail.com
BETTY SAVARY,betty.savary@mail.com
CLARISSE SALAUN,clarisse.salaun@mail.com
HONORE TARDY,honore.tardy@mail.com
SOFIANE BOURDIN,sofiane.bourdin@mail.com
PERRINE PUECH,perrine.puech@mail.com
PEDRO CORNET,pedro.cornet@mail.com
OCTAVE SANTIAGO,octave.santiago@mail.com
ABDELAZIZ PROVOST,abdelaziz.provost@mail.com
MARGAUX JOLIVET,margaux.jolivet@mail.com
WILFRIED MONIER,wilfried.monier@mail.com
GEORGE GUILLEMOT,george.guillemot@mail.com
ANGEL MONNET,angel.monnet@mail.com
TATIANA SALOMON,tatiana.salomon@mail.com
ALBERTINE VIVIER,albertine.vivier@mail.com
HAKIM LANG,hakim.lang@mail.com
ANNABELLE TISSOT,annabelle.tissot@mail.com
KARL DIOP,karl.diop@mail.com
MUSTAFA LE BIHAN,mustafa.le.bihan@mail.com
ELEONORE BINET,eleonore.binet@mail.com
ERICK GIL,erick.gil@mail.com
CHARLY GICQUEL,charly.gicquel@mail.com
STEPHEN DUJARDIN,stephen.dujardin@mail.com
ALBERTE JOUAN,alberte.jouan@mail.com
SANDY TRAORE,sandy.traore@mail.com
TAHAR ESNAULT,tahar.esnault@mail.com
HABIB TELLIER,habib.tellier@mail.com
KHALID LEFRANCOIS,khalid.lefrancois@mail.com
DOLORES PELISSIER,dolores.pelissier@mail.com
ABDELLAH RAMOS,abdellah.ramos@mail.com
DRISS CADET,driss.cadet@mail.com
ROLLAND BONNEFOY,rolland.bonnefoy@mail.com
LESLIE CONSTANTIN,leslie.constantin@mail.com
MAEVA DIAS,maeva.dias@mail.com
LILIAN ARNOULD,lilian.arnould@mail.com
ALAN BLAISE,alan.blaise@mail.com
FIRMIN CORTES,firmin.cortes@mail.com
AICHA LERAY,aicha.leray@mail.com
VALERY LEMARCHAND,valery.lemarchand@mail.com
ELENA SMITH,elena.smith@mail.com
IDA LELONG,ida.lelong@mail.com
RONAN SARRAZIN,ronan.sarrazin@mail.com
ANA BONNARD,ana.bonnard@mail.com
LEONCE COCHET,leonce.cochet@mail.com
LUCE BOUCHE,luce.bouche@mail.com
PROSPER GODEFROY,prosper.godefroy@mail.com
YASSINE MAITRE,yassine.maitre@mail.com
GINO ARNOUX,gino.arnoux@mail.com
SALIM JACQUEMIN,salim.jacquemin@mail.com
AMINE CHEVRIER,amine.chevrier@mail.com
SIMONNE COUDERT,simonne.coudert@mail.com
SAMI LAPEYRE,sami.lapeyre@mail.com
REBECCA BAUDIN,rebecca.baudin@mail.com
OMER BOISSON,omer.boisson@mail.com
CONSTANCE GUIGNARD,constance.guignard@mail.com
GIUSEPPE PORTE,giuseppe.porte@mail.com
MOUNIR MAGNE,mounir.magne@mail.com
SARA BEAUFILS,sara.beaufils@mail.com
JUDITH VIGNERON,judith.vigneron@mail.com
FRANCESCO BOIS,francesco.bois@mail.com
RITA GONZALES,rita.gonzales@mail.com
WILFRID GROSJEAN,wilfrid.grosjean@mail.com
EPSE LECUYER,epse.lecuyer@mail.com
HICHAM VIGIER,hicham.vigier@mail.com
LUIGI SELLIER,luigi.sellier@mail.com
PASCALINE POULET,pascaline.poulet@mail.com
AZIZ SERRA,aziz.serra@mail.com
JESUS GOUJON,jesus.goujon@mail.com
AYMERIC AUBIN,aymeric.aubin@mail.com
FLORIANE MIQUEL,floriane.miquel@mail.com
ANGELA LEFEUVRE,angela.lefeuvre@mail.com
ARIANE GRIMAUD,ariane.grimaud@mail.com
GILDAS MICHON,gildas.michon@mail.com
OSCAR THIEBAUT,oscar.thiebaut@mail.com
FOUAD TECHER,fouad.techer@mail.com
GEOFFROY CARRIERE,geoffroy.carriere@mail.com
DYLAN FOULON,dylan.foulon@mail.com
SYLVAINE MANGIN,sylvaine.mangin@mail.com
ANDREW POUGET,andrew.pouget@mail.com
YOUCEF FLORES,youcef.flores@mail.com
MARCO TOURE,marco.toure@mail.com
FATMA BEAUMONT,fatma.beaumont@mail.com
FLORA LE GUEN,flora.le.guen@mail.com
ABDELKRIM TEIXEIRA,abdelkrim.teixeira@mail.com
EDGARD LY,edgard.ly@mail.com
FLORE THEBAULT,flore.thebault@mail.com
STEEVE FAUCHER,steeve.faucher@mail.com
ALDO FOURCADE,aldo.fourcade@mail.com
SOLENE COSTES,solene.costes@mail.com
ROSALIE MONTEIL,rosalie.monteil@mail.com
MAXENCE DUPRAT,maxence.duprat@mail.com
FRANTZ SCHWARTZ,frantz.schwartz@mail.com
ADAM CHEN,adam.chen@mail.com
KHALED PAIN,khaled.pain@mail.com
NANCY CLAVEL,nancy.clavel@mail.com
YACINE ZIMMERMANN,yacine.zimmermann@mail.com
BARTHELEMY BONIN,barthelemy.bonin@mail.com
FRED AMAR,fred.amar@mail.com
ARMEL BOUDET,armel.boudet@mail.com
KLEBER DURET,kleber.duret@mail.com
SAMY LASSALLE,samy.lassalle@mail.com
VAN CAILLAUD,van.caillaud@mail.com
CASIMIR RAMBAUD,casimir.rambaud@mail.com
ARISTIDE MOHAMED,aristide.mohamed@mail.com
ARMANDE LAURET,armande.lauret@mail.com
ERIKA BARRIERE,erika.barriere@mail.com
SAMANTHA FOUCAULT,samantha.foucault@mail.com
LINA LAMOTTE,lina.lamotte@mail.com
ELOI CORRE,eloi.corre@mail.com
JASON DORE,jason.dore@mail.com
FLAVIEN THIERY,flavien.thiery@mail.com
ADEL CHOLLET,adel.chollet@mail.com
RAPHAELLE BOIVIN,raphaelle.boivin@mail.com
JESSY WANG,jessy.wang@mail.com
NOUREDDINE TISSIER,noureddine.tissier@mail.com
LARBI BELIN,larbi.belin@mail.com
ABDERRAHMANE GABRIEL,abderrahmane.gabriel@mail.com
ALICIA LE FLOCH,alicia.le.floch@mail.com
MANUELA JIMENEZ,manuela.jimenez@mail.com
LAHCEN BOUTET,lahcen.boutet@mail.com
AUGUSTA SOULIE,augusta.soulie@mail.com
CHRISTELE FOREST,christele.forest@mail.com
DIT ROUXEL,dit.rouxel@mail.com
FATIHA TAVERNIER,fatiha.tavernier@mail.com
NORDINE DEJEAN,nordine.dejean@mail.com
FRANCO JARRY,franco.jarry@mail.com
GUYLAINE BAUDOUIN,guylaine.baudouin@mail.com
YOAN BAUDET,yoan.baudet@mail.com
ANNY PASQUET,anny.pasquet@mail.com
REJANE DELPECH,rejane.delpech@mail.com
OCEANE GODET,oceane.godet@mail.com
ISIDORE KIEFFER,isidore.kieffer@mail.com
NINA POLLET,nina.pollet@mail.com
ISMAEL QUERE,ismael.quere@mail.com
HELENA FAYE,helena.faye@mail.com
ROBERTO BASTIEN,roberto.bastien@mail.com
TIPHAINE DUCROCQ,tiphaine.ducrocq@mail.com
KELLY SERRES,kelly.serres@mail.com
SAMIA ESTEVE,samia.esteve@mail.com
AHMET PAYEN,ahmet.payen@mail.com
JACOB DESHAYES,jacob.deshayes@mail.com
ANTONIA DUBOURG,antonia.dubourg@mail.com
ISABEL ASTIER,isabel.astier@mail.com
NORA BOURGUIGNON,nora.bourguignon@mail.com
MARGOT ROTH,margot.roth@mail.com
ALEXANDRINE LE,alexandrine.le@mail.com
ROSINE MOLINA,rosine.molina@mail.com
YVELINE LEFRANC,yveline.lefranc@mail.com
SAMIRA DUCHENE,samira.duchene@mail.com
MALIK THEVENET,malik.thevenet@mail.com
VICTOIRE JACQUIN,victoire.jacquin@mail.com
ISMAIL BASTIDE,ismail.bastide@mail.com
KARIMA LEBEAU,karima.lebeau@mail.com
FELICIEN GALLAND,felicien.galland@mail.com
CHRYSTELLE RAGOT,chrystelle.ragot@mail.com
GWENAEL LECOCQ,gwenael.lecocq@mail.com
RODRIGUE VANNIER,rodrigue.vannier@mail.com
ISAAC FLAMENT,isaac.flament@mail.com
AUGUSTO LATOUR,augusto.latour@mail.com
KIM CONTE,kim.conte@mail.com
NATHAN GUITTON,nathan.guitton@mail.com
ANGELINA PROUST,angelina.proust@mail.com
NAIMA SIMONET,naima.simonet@mail.com
THIBAUD GUEGAN,thibaud.guegan@mail.com
MARK AVRIL,mark.avril@mail.com
ANGELINE GEORGE,angeline.george@mail.com
BLAISE CASANOVA,blaise.casanova@mail.com
JAN LE BERRE,jan.le.berre@mail.com
ZOHRA LACAZE,zohra.lacaze@mail.com
JENNY PINEL,jenny.pinel@mail.com
PRISCILLA PIQUET,priscilla.piquet@mail.com
MARILYNE BROCHARD,marilyne.brochard@mail.com
ABDEL BAPTISTE,abdel.baptiste@mail.com
GERVAIS PEPIN,gervais.pepin@mail.com
DALILA DAHAN,dalila.dahan@mail.com
CRISTINA CISSE,cristina.cisse@mail.com
KAMAL THEVENIN,kamal.thevenin@mail.com
ROXANE VIGOUROUX,roxane.vigouroux@mail.com
ALISON BENHAMOU,alison.benhamou@mail.com
MOULOUD FERRIER,mouloud.ferrier@mail.com
GWENDOLINE DUCHEMIN,gwendoline.duchemin@mail.com
JAMAL CALVET,jamal.calvet@mail.com
BELKACEM PARISOT,belkacem.parisot@mail.com
ANN ALVAREZ,ann.alvarez@mail.com
TANGUY CREPIN,tanguy.crepin@mail.com
PAULA BECK,paula.beck@mail.com
DESIREE CARDON,desiree.cardon@mail.com
ADELAIDE DUPOUY,adelaide.dupouy@mail.com
VIVIEN MARAIS,vivien.marais@mail.com
LEONTINE BROUSSE,leontine.brousse@mail.com
AXELLE DUBOS,axelle.dubos@mail.com
DAVY GARCIN,davy.garcin@mail.com
FILS LAPIERRE,fils.lapierre@mail.com
CLOVIS SAIDI,clovis.saidi@mail.com
MARI CHARLOT,mari.charlot@mail.com
CONSTANTIN PASTOR,constantin.pastor@mail.com
MAXIMILIEN PAGE,maximilien.page@mail.com
SLIMANE ROUGIER,slimane.rougier@mail.com
GIL JOSSE,gil.josse@mail.com
CHERIF VIALA,cherif.viala@mail.com
VIOLAINE NICOLLE,violaine.nicolle@mail.com
BERENGERE PIERRON,berengere.pierron@mail.com
CLAUDIUS REBOUL,claudius.reboul@mail.com
HAMZA GAUBERT,hamza.gaubert@mail.com
EDWARD HUE,edward.hue@mail.com
FREDERICK LE BORGNE,frederick.le.borgne@mail.com
HARRY MENDES,harry.mendes@mail.com
STELLA MORICE,stella.morice@mail.com
WALID BARTHE,walid.barthe@mail.com
YAMINA BOISSEAU,yamina.boisseau@mail.com
YASMINA VILLAIN,yasmina.villain@mail.com
VICTORINE BAUDOIN,victorine.baudoin@mail.com
MAR GODIN,mar.godin@mail.com
TIMOTHEE ROLAND,timothee.roland@mail.com
IRMA WOLFF,irma.wolff@mail.com
CHRISTINA LE GAL,christina.le.gal@mail.com
FRANCETTE OGER,francette.oger@mail.com
DIANA FAYOLLE,diana.fayolle@mail.com
LYSIANE BERTON,lysiane.berton@mail.com
DIEGO FROMENT,diego.froment@mail.com
DORIAN SERGENT,dorian.sergent@mail.com
ELOISE LE BRIS,eloise.le.bris@mail.com
RICARDO BOUILLON,ricardo.bouillon@mail.com
TOM CHARRON,tom.charron@mail.com
AMBROISE PERRON,ambroise.perron@mail.com
HIPPOLYTE SERRANO,hippolyte.serrano@mail.com
SERGIO PELLERIN,sergio.pellerin@mail.com
GLADYS ROMAN,gladys.roman@mail.com
IRENEE REDON,irenee.redon@mail.com
LUCIA OLLIER,lucia.ollier@mail.com
ABDELHAMID BOURGOIN,abdelhamid.bourgoin@mail.com
MILOUD DELAPORTE,miloud.delaporte@mail.com
MAHMOUD THERY,mahmoud.thery@mail.com
BACHIR VILLENEUVE,bachir.villeneuve@mail.com
HECTOR ROMERO,hector.romero@mail.com
HILAIRE WINTERSTEIN,hilaire.winterstein@mail.com
MARGARET ROMAIN,margaret.romain@mail.com
JOANNA TEYSSIER,joanna.teyssier@mail.com
ELIETTE BISSON,eliette.bisson@mail.com
BASILE BOSC,basile.bosc@mail.com
EVELINE LESUEUR,eveline.lesueur@mail.com
ZOE BEAU,zoe.beau@mail.com
HEDI CAILLET,hedi.caillet@mail.com
MAITE GUILBAUD,maite.guilbaud@mail.com
SALEM GIORDANO,salem.giordano@mail.com
MARIETTE GONTHIER,mariette.gonthier@mail.com
GAUTHIER LAMARQUE,gauthier.lamarque@mail.com
PAMELA PORTIER,pamela.portier@mail.com
PHILIP BLANDIN,philip.blandin@mail.com
AMAURY CHATEAU,amaury.chateau@mail.com
TOUSSAINT BIANCHI,toussaint.bianchi@mail.com
MA LECLERE,ma.leclere@mail.com
ADRIAN MARTEAU,adrian.marteau@mail.com
CYPRIEN CROUZET,cyprien.crouzet@mail.com
RONALD ARNAL,ronald.arnal@mail.com
ABRAHAM NDIAYE,abraham.ndiaye@mail.com
BERANGERE LI,berangere.li@mail.com
HASAN RENOU,hasan.renou@mail.com
EDGAR BOUYER,edgar.bouyer@mail.com
TANIA MOINE,tania.moine@mail.com
AISSA GENIN,aissa.genin@mail.com
JAMEL BILLON,jamel.billon@mail.com
LOUISA PHAM,louisa.pham@mail.com
SYLVESTRE TISSERAND,sylvestre.tisserand@mail.com
MESSAOUD VERGER,messaoud.verger@mail.com
SUZETTE BRESSON,suzette.bresson@mail.com
ALEXANDER CAZENAVE,alexander.cazenave@mail.com
FILIPE MAUGER,filipe.mauger@mail.com
JULIAN PAQUET,julian.paquet@mail.com
MIKE LOUVET,mike.louvet@mail.com
MOHAMMAD MAGNIER,mohammad.magnier@mail.com
ROSETTE SIMONIN,rosette.simonin@mail.com
GARY LE BRAS,gary.le.bras@mail.com
ARMANDO RIVET,armando.rivet@mail.com
PAOLO YILMAZ,paolo.yilmaz@mail.com
CHARLIE LAFFONT,charlie.laffont@mail.com
SALOMON BABIN,salomon.babin@mail.com
CAROL BUREL,carol.burel@mail.com
FARIDA LENFANT,farida.lenfant@mail.com
URBAIN VERRIER,urbain.verrier@mail.com
SACHA CHABOT,sacha.chabot@mail.com
HELOISE MUNIER,heloise.munier@mail.com
LAURETTE AUVRAY,laurette.auvray@mail.com
TARIK JANIN,tarik.janin@mail.com
ALLAN BARDET,allan.bardet@mail.com
HANS BONTEMPS,hans.bontemps@mail.com
IGNACE JAMES,ignace.james@mail.com
NELSON TIXIER,nelson.tixier@mail.com
LAURIANE COLLARD,lauriane.collard@mail.com
BRIAN HAMELIN,brian.hamelin@mail.com
GRAZIELLA PERES,graziella.peres@mail.com
YOUNES VIAUD,younes.viaud@mail.com
HORTENSE BRIERE,hortense.briere@mail.com
VIRGILE OLIVE,virgile.olive@mail.com
DA ALONSO,da.alonso@mail.com
ADIL BAILLEUL,adil.bailleul@mail.com
YAN GILLOT,yan.gillot@mail.com
SOPHIA JANVIER,sophia.janvier@mail.com
CARLO SAID,carlo.said@mail.com
VLADIMIR ZHANG,vladimir.zhang@mail.com
MATTHIAS CHARDON,matthias.chardon@mail.com
FELICIE MAGNIN,felicie.magnin@mail.com
IGOR TAIEB,igor.taieb@mail.com
MELODIE COURTIN,melodie.courtin@mail.com
STEFAN LEBAS,stefan.lebas@mail.com
JORIS ALI,joris.ali@mail.com
ULYSSE GUILLOUX,ulysse.guilloux@mail.com
HUSEYIN LAFOND,huseyin.lafond@mail.com
IBRAHIMA MALET,ibrahima.malet@mail.com
MURAT PAILLARD,murat.paillard@mail.com
KHADIJA PIOT,khadija.piot@mail.com
JANY THUILLIER,jany.thuillier@mail.com
DAN CHIRON,dan.chiron@mail.com
SMAIL PEYRE,smail.peyre@mail.com
HASSEN VERGNE,hassen.vergne@mail.com
AMINA CAPELLE,amina.capelle@mail.com
GUISEPPE HERAULT,guiseppe.herault@mail.com
NARCISSE CANO,narcisse.cano@mail.com
LOU DERRIEN,lou.derrien@mail.com
EDDIE LE BRETON,eddie.le.breton@mail.com
EMILIA ACHARD,emilia.achard@mail.com
EMERIC LE MEUR,emeric.le.meur@mail.com
JOHANNES AUGE,johannes.auge@mail.com
NASSER DROUIN,nasser.drouin@mail.com
ENZO SAULNIER,enzo.saulnier@mail.com
ERIK CHOPIN,erik.chopin@mail.com
RAFAEL PICHARD,rafael.pichard@mail.com
PAOLA BESNIER,paola.besnier@mail.com
RACHIDA HUGUES,rachida.hugues@mail.com
ABDERRAHIM GOURDON,abderrahim.gourdon@mail.com
DORIS GROSS,doris.gross@mail.com
JOANNES MURAT,joannes.murat@mail.com
AMANDA RIO,amanda.rio@mail.com
TERESA BARRAUD,teresa.barraud@mail.com
VINCENZO SIMONNET,vincenzo.simonnet@mail.com
ERNESTINE CHARLET,ernestine.charlet@mail.com
AREZKI FRAISSE,arezki.fraisse@mail.com
JOAN ALIX,joan.alix@mail.com
SUSAN RODIER,susan.rodier@mail.com
ALFREDO GEFFROY,alfredo.geffroy@mail.com
JULIO COTTIN,julio.cottin@mail.com
TIFFANY GARREAU,tiffany.garreau@mail.com
RUI JEANNIN,rui.jeannin@mail.com
REYNALD LANDAIS,reynald.landais@mail.com
AMMAR RONDEAU,ammar.rondeau@mail.com
LEANDRE LAFITTE,leandre.lafitte@mail.com
SUZY LAVAUD,suzy.lavaud@mail.com
MOKHTAR MAZET,mokhtar.mazet@mail.com
MERCEDES JARDIN,mercedes.jardin@mail.com
FAYCAL VARIN,faycal.varin@mail.com
GUILHEM FUCHS,guilhem.fuchs@mail.com
JANICK QUENTIN,janick.quentin@mail.com
CYRIELLE SEGURA,cyrielle.segura@mail.com
GASPARD VIGUIER,gaspard.viguier@mail.com
PHILOMENE CORMIER,philomene.cormier@mail.com
SORAYA CLAVERIE,soraya.claverie@mail.com
ABDOULAYE MARCEL,abdoulaye.marcel@mail.com
CARL SYLLA,carl.sylla@mail.com
SOFIA GALLO,sofia.gallo@mail.com
LOTFI REMOND,lotfi.remond@mail.com
DJAMILA RENAUDIN,djamila.renaudin@mail.com
DANIELA BOSSARD,daniela.bossard@mail.com
RUTH ROLLET,ruth.rollet@mail.com
ANATOLE BRAUN,anatole.braun@mail.com
LYNDA BARDIN,lynda.bardin@mail.com
HAMED RUSSO,hamed.russo@mail.com
NATALIA CELLIER,natalia.cellier@mail.com
LE PICHOT,le.pichot@mail.com
PABLO AZOULAY,pablo.azoulay@mail.com
VASILE AUFFRET,vasile.auffret@mail.com
CARLA COUTANT,carla.coutant@mail.com
AMADOU DUCHESNE,amadou.duchesne@mail.com
GABY LARCHER,gaby.larcher@mail.com
ZAKARIA CAILLE,zakaria.caille@mail.com
RAMON CHEMIN,ramon.chemin@mail.com
MANUELLA CHRISTOPHE,manuella.christophe@mail.com
CANDICE ROBINET,candice.robinet@mail.com
EDDINE LAFARGUE,eddine.lafargue@mail.com
YASMINE METAYER,yasmine.metayer@mail.com
NOLWENN GASNIER,nolwenn.gasnier@mail.com
MARILYN MANCEAU,marilyn.manceau@mail.com
ABDELLATIF LAVILLE,abdellatif.laville@mail.com
EDUARDO REYMOND,eduardo.reymond@mail.com
HYACINTHE LAFLEUR,hyacinthe.lafleur@mail.com
VALERE BAILLET,valere.baillet@mail.com
CLOTAIRE CARRIER,clotaire.carrier@mail.com
LAKHDAR MERLET,lakhdar.merlet@mail.com
EDMONDE GARRIGUES,edmonde.garrigues@mail.com
IAN KOCH,ian.koch@mail.com
YANNIS LARUE,yannis.larue@mail.com
DOMINGOS LEPRETRE,domingos.lepretre@mail.com
HELEN CAUSSE,helen.causse@mail.com
ETIENNETTE BELLET,etiennette.bellet@mail.com
KATY RAIMBAULT,katy.raimbault@mail.com
BRYAN DAUPHIN,bryan.dauphin@mail.com
MARIAN FRANCO,marian.franco@mail.com
FORTUNE TOUTAIN,fortune.toutain@mail.com
FLEUR BILLET,fleur.billet@mail.com
MONICA BRUYERE,monica.bruyere@mail.com
MARIN BEAUVAIS,marin.beauvais@mail.com
NASSIM DEVOS,nassim.devos@mail.com
ALBIN PRUNIER,albin.prunier@mail.com
REDA CHERON,reda.cheron@mail.com
MATHURIN GAULTIER,mathurin.gaultier@mail.com
FLAVIE SENECHAL,flavie.senechal@mail.com
JOFFREY HEMERY,joffrey.hemery@mail.com
POL SOULARD,pol.soulard@mail.com
MOSTAFA DIABY,mostafa.diaby@mail.com
ANISSA JACQUIER,anissa.jacquier@mail.com
MARCELLIN ROLLIN,marcellin.rollin@mail.com
ABDELHAK JAN,abdelhak.jan@mail.com
HAROLD AUDIBERT,harold.audibert@mail.com
CORNIL GUYARD,cornil.guyard@mail.com
MELINA MORA,melina.mora@mail.com
NADIR LELOUP,nadir.leloup@mail.com
LUCILLE HONORE,lucille.honore@mail.com
SALVADOR LAPLACE,salvador.laplace@mail.com
TAREK GOUPIL,tarek.goupil@mail.com
ALPHONSINE MENAGER,alphonsine.menager@mail.com
PIETRO VERON,pietro.veron@mail.com
ION CHAPELLE,ion.chapelle@mail.com
LOUP CARTON,loup.carton@mail.com
ALCIDE JAOUEN,alcide.jaouen@mail.com
ANSELME HUGON,anselme.hugon@mail.com
ROMAN OUVRARD,roman.ouvrard@mail.com
SILVIA TOUATI,silvia.touati@mail.com
GINA FRITSCH,gina.fritsch@mail.com
MAXIMIN DUFRESNE,maximin.dufresne@mail.com
KARIN GAUCHER,karin.gaucher@mail.com
LAMINE LOISON,lamine.loison@mail.com
OSMAN ROCHETTE,osman.rochette@mail.com
AMOR CHAIX,amor.chaix@mail.com
ANIS DEVILLE,anis.deville@mail.com
SEGOLENE DUBOST,segolene.dubost@mail.com
MAEL FORGET,mael.forget@mail.com
GAUTIER GOBERT,gautier.gobert@mail.com
HICHEM LOISEL,hichem.loisel@mail.com
LORENZO BERTHE,lorenzo.berthe@mail.com
COLINE LAUGIER,coline.laugier@mail.com
MARCELINE BACH,marceline.bach@mail.com
NOELLA PRUDHOMME,noella.prudhomme@mail.com
